amie	project
anes	project
arle	project
ates	project
beisa	project
coes	project
cotan	project
deil	project
dore	project
dyn	project
eide	project
eighteen	project
eighty	project
eland	project
erse	project
fae	project
fourteen	project
gaen	project
garni	project
gies	project
lati	project
leben	project
mis	project
mor	project
nae	project
nito	project
rait	project
sheol	project
spork	project
sri	project
tae	project
tui	project
tulpa	project
urb	project
wab	project
xed	project
yag	project
yeet	project
